{
    "/home/cjcleere/python-linux-fim-hids/test-monitor-directory/test-monitor-directory3/test-monitor-file5": {
        "hash": "58eff2254213ccf4053419cb8c576a23a70ea5c8d42e6aebe10ac71170eb09da",
        "last_modified": 1776699175.0484056,
        "size": 15
    },
    "/home/cjcleere/python-linux-fim-hids/test-monitor-directory/test-monitor-file": {
        "hash": "9e5cd1c9301ccde44328a8617523ff6590fbdbd84eab8dd70994da949f0cd228",
        "last_modified": 1776699167.464479,
        "size": 15
    },
    "/home/cjcleere/python-linux-fim-hids/test-monitor-directory2/test-monitor-file4": {
        "hash": "e3b0c44298fc1c149afbf4c8996fb92427ae41e4649b934ca495991b7852b855",
        "last_modified": 1776694641.410194,
        "size": 0
    }
}